id,library,poclink,pdf_file
100,nltk,https://github.com/nltk/nltk/issues/2522,100_nltk_issue_2522.pdf
101,nltk,https://github.com/nltk/nltk/issues/2906,101_nltk_issue_2906.pdf
102,nltk,https://github.com/nltk/nltk/issues/2866,102_nltk_issue_2866.pdf
110,aiohttp,https://github.com/aio-libs/aiohttp/issues/8074,110_aiohttp_issue_8074.pdf
122,markdownify,https://github.com/matthewwithanm/python-markdownify/issues/143,122_markdownify_issue_143.pdf
124,eventlet,https://github.com/eventlet/eventlet/issues/1062,124_eventlet_issue_1062.pdf
126,eventlet,https://github.com/eventlet/eventlet/issues/913,126_eventlet_issue_913.pdf
127,orjson,https://github.com/ijl/orjson/issues/458,127_orjson_issue_458.pdf
128,gevent,https://github.com/gevent/gevent/issues/1989,128_gevent_issue_1989.pdf
129,gitpython,https://github.com/gitpython-developers/GitPython/issues/1515,129_gitpython_issue_1515.pdf
12,langchain,https://huntr.com/bounties/90b0776d-9fa6-4841-aac4-09fde5918cae,12_langchain_huntr_90b0776d-9fa6-4841-aac4-09fde5918cae.pdf
139,langchain-community,https://huntr.com/bounties/fa3a2753-57c3-4e08-a176-d7a3ffda28fe,139_langchain-community_huntr_fa3a2753-57c3-4e08-a176-d7a3ffda28fe.pdf
13,langchain,https://github.com/hwchase17/langchain/issues/5923,13_langchain_issue_5923.pdf
140,langchain-community,https://huntr.com/bounties/8f771040-7f34-420a-b96b-5b93d4a99afc,140_langchain-community_huntr_8f771040-7f34-420a-b96b-5b93d4a99afc.pdf
141,langchain-community,https://huntr.com/bounties/a6b521cf-258c-41c0-9edb-d8ef976abb2a,141_langchain-community_huntr_a6b521cf-258c-41c0-9edb-d8ef976abb2a.pdf
142,langchain-community,https://huntr.com/bounties/e62d4895-2901-405b-9559-38276b6a5273,142_langchain-community_huntr_e62d4895-2901-405b-9559-38276b6a5273.pdf
147,mlflow,https://github.com/mlflow/mlflow/issues/15944,147_mlflow_issue_15944.pdf
148,mlflow,https://huntr.com/bounties/7cf918b5-43f4-48c0-a371-4d963ce69b30,148_mlflow_huntr_7cf918b5-43f4-48c0-a371-4d963ce69b30.pdf
149,mlflow,https://huntr.com/bounties/93e470d7-b6f0-409b-af63-49d3e2a26dbc,149_mlflow_huntr_93e470d7-b6f0-409b-af63-49d3e2a26dbc.pdf
14,langchain,https://github.com/langchain-ai/langchain/issues/12747,14_langchain_issue_12747.pdf
152,mlflow,https://github.com/mlflow/mlflow/issues/10874,152_mlflow_issue_10874.pdf
153,mlflow,https://huntr.com/bounties/e79f7774-10fe-46b2-b522-e73b748e3b2d,153_mlflow_huntr_e79f7774-10fe-46b2-b522-e73b748e3b2d.pdf
155,mlflow,https://huntr.com/bounties/0acdd745-0167-4912-9d5c-02035fe5b314,155_mlflow_huntr_0acdd745-0167-4912-9d5c-02035fe5b314.pdf
156,mlflow,https://huntr.com/bounties/fe53bf71-3687-4711-90df-c26172880aaf,156_mlflow_huntr_fe53bf71-3687-4711-90df-c26172880aaf.pdf
157,mlflow,https://huntr.com/bounties/4a34259c-3c8f-4872-b178-f27fbc876b98,157_mlflow_huntr_4a34259c-3c8f-4872-b178-f27fbc876b98.pdf
15,langchain,https://github.com/langchain-ai/langchain/issues/7700,15_langchain_issue_7700.pdf
160,mlflow,https://huntr.com/bounties/8d5aadaa-522f-4839-b41b-d7da362dd610,160_mlflow_huntr_8d5aadaa-522f-4839-b41b-d7da362dd610.pdf
164,mlflow,https://huntr.com/bounties/b397b83a-527a-47e7-b912-a12a17a6cfb4,164_mlflow_huntr_b397b83a-527a-47e7-b912-a12a17a6cfb4.pdf
165,mlflow,https://huntr.com/bounties/3e64df69-ddc2-463e-9809-d07c24dc1de4,165_mlflow_huntr_3e64df69-ddc2-463e-9809-d07c24dc1de4.pdf
166,mlflow,https://huntr.com/bounties/8d96374a-ce8d-480e-9cb0-0a7e5165c24a,166_mlflow_huntr_8d96374a-ce8d-480e-9cb0-0a7e5165c24a.pdf
168,mlflow,https://huntr.com/bounties/19bf02d7-6393-4a95-b9d0-d6d4d2d8c298,168_mlflow_huntr_19bf02d7-6393-4a95-b9d0-d6d4d2d8c298.pdf
169,mlflow,https://github.com/mlflow/mlflow/issues/7166,169_mlflow_issue_7166.pdf
16,langchain,https://huntr.com/bounties/8f4ad910-7fdc-4089-8f0a-b5df5f32e7c5,16_langchain_huntr_8f4ad910-7fdc-4089-8f0a-b5df5f32e7c5.pdf
171,mlflow,https://huntr.com/bounties/11209efb-0f84-482f-add0-587ea6b7e850,171_mlflow_huntr_11209efb-0f84-482f-add0-587ea6b7e850.pdf
172,mlflow,https://huntr.com/bounties/9e4cc07b-6fff-421b-89bd-9445ef61d34d,172_mlflow_huntr_9e4cc07b-6fff-421b-89bd-9445ef61d34d.pdf
173,mlflow,https://huntr.com/bounties/52a3855d-93ff-4460-ac24-9c7e4334198d,173_mlflow_huntr_52a3855d-93ff-4460-ac24-9c7e4334198d.pdf
174,mlflow,https://huntr.com/bounties/c6f59480-ce47-4f78-a3dc-4bd8ca15029c,174_mlflow_huntr_c6f59480-ce47-4f78-a3dc-4bd8ca15029c.pdf
179,mlflow,https://huntr.com/bounties/dbdc6bd6-d09a-46f2-9d9c-5138a14b6e31,179_mlflow_huntr_dbdc6bd6-d09a-46f2-9d9c-5138a14b6e31.pdf
17,langchain,https://github.com/hwchase17/langchain/issues/4849,17_langchain_issue_4849.pdf
181,mlflow,https://huntr.com/bounties/bfa116d3-2af8-4c4a-ac34-ccde7491ae11,181_mlflow_huntr_bfa116d3-2af8-4c4a-ac34-ccde7491ae11.pdf
182,mlflow,https://huntr.com/bounties/8ea058a7-4ef8-4baf-9198-bc0147fc543c,182_mlflow_huntr_8ea058a7-4ef8-4baf-9198-bc0147fc543c.pdf
184,mlflow,https://github.com/mlflow/mlflow/issues/10893,184_mlflow_issue_10893.pdf
185,mlflow,https://huntr.com/bounties/2408a52b-f05b-4cac-9765-4f74bac3f20f,185_mlflow_huntr_2408a52b-f05b-4cac-9765-4f74bac3f20f.pdf
186,mlflow,https://huntr.com/bounties/029a3824-cee3-4cf1-b260-7138aa539b85,186_mlflow_huntr_029a3824-cee3-4cf1-b260-7138aa539b85.pdf
187,mlflow,https://huntr.com/bounties/816bdaaa-8153-4732-951e-b0d92fddf709,187_mlflow_huntr_816bdaaa-8153-4732-951e-b0d92fddf709.pdf
188,mlflow,https://huntr.com/bounties/788327ec-714a-4d5c-83aa-8df04dd7612b,188_mlflow_huntr_788327ec-714a-4d5c-83aa-8df04dd7612b.pdf
189,mlflow,https://huntr.com/bounties/438b0524-da0e-4d08-976a-6f270c688393,189_mlflow_huntr_438b0524-da0e-4d08-976a-6f270c688393.pdf
18,langchain,https://github.com/hwchase17/langchain/issues/5872,18_langchain_issue_5872.pdf
191,mlflow,https://huntr.com/bounties/43e6fb72-676e-4670-a225-15d6836f65d3,191_mlflow_huntr_43e6fb72-676e-4670-a225-15d6836f65d3.pdf
195,mlflow,https://huntr.com/bounties/2259b88b-a0c6-4c7c-b434-6aacf6056dcb,195_mlflow_huntr_2259b88b-a0c6-4c7c-b434-6aacf6056dcb.pdf
196,mlflow,https://huntr.com/bounties/43dc50b6-7d1e-41b9-9f97-f28809df1d45,196_mlflow_huntr_43dc50b6-7d1e-41b9-9f97-f28809df1d45.pdf
197,mlflow,https://huntr.com/bounties/424b6f6b-e778-4a2b-b860-39730d396f3e,197_mlflow_huntr_424b6f6b-e778-4a2b-b860-39730d396f3e.pdf
198,mlflow,https://huntr.com/bounties/7f4dbcc5-b6b3-43dd-b310-e2d0556a8081,198_mlflow_huntr_7f4dbcc5-b6b3-43dd-b310-e2d0556a8081.pdf
19,langchain,https://github.com/langchain-ai/langchain/issues/8363,19_langchain_issue_8363.pdf
200,mlflow,https://huntr.com/bounties/8ad52cb2-2cda-4eb0-aec9-586060ee43e0,200_mlflow_huntr_8ad52cb2-2cda-4eb0-aec9-586060ee43e0.pdf
201,prefect,https://huntr.com/bounties/b801de43-ff9f-4db9-b583-4797d4f7d3d2,201_prefect_huntr_b801de43-ff9f-4db9-b583-4797d4f7d3d2.pdf
202,prefect,https://huntr.com/bounties/dab47d99-551c-4355-9ab1-c99cb90235af,202_prefect_huntr_dab47d99-551c-4355-9ab1-c99cb90235af.pdf
203,brotli,https://huntr.com/bounties/2c26a886-5984-47ee-a421-0d5fe1344eb0,203_brotli_huntr_2c26a886-5984-47ee-a421-0d5fe1344eb0.pdf
205,zipp,https://huntr.com/bounties/be898306-11f9-46b4-b28c-f4c4aa4ffbae,205_zipp_huntr_be898306-11f9-46b4-b28c-f4c4aa4ffbae.pdf
206,scipy,https://github.com/scipy/scipy/issues/14713,206_scipy_issue_14713.pdf
207,scipy,https://github.com/scipy/scipy/issues/16235,207_scipy_issue_16235.pdf
20,langchain,https://github.com/langchain-ai/langchain/issues/5872,20_langchain_issue_5872.pdf
210,torch,https://github.com/pytorch/pytorch/issues/88868,210_torch_issue_88868.pdf
212,transformers,https://huntr.com/bounties/e1a3e548-e53a-48df-b708-9ee62140963c,212_transformers_huntr_e1a3e548-e53a-48df-b708-9ee62140963c.pdf
213,transformers,https://huntr.com/bounties/b3c36992-5264-4d7f-9906-a996efafba8f,213_transformers_huntr_b3c36992-5264-4d7f-9906-a996efafba8f.pdf
214,transformers,https://github.com/huggingface/transformers/issues/34840,214_transformers_issue_34840.pdf
217,transformers,https://huntr.com/bounties/3c6f7822-9992-476d-8cf0-b0b1623427df,217_transformers_huntr_3c6f7822-9992-476d-8cf0-b0b1623427df.pdf
218,transformers,https://huntr.com/bounties/423611ee-7a2a-442a-babb-3ed2f8385c16,218_transformers_huntr_423611ee-7a2a-442a-babb-3ed2f8385c16.pdf
21,langchain,https://github.com/hwchase17/langchain/issues/1026,21_langchain_issue_1026.pdf
220,transformers,https://huntr.com/bounties/97b780f3-ffca-424f-ad5d-0e1c57a5bde4,220_transformers_huntr_97b780f3-ffca-424f-ad5d-0e1c57a5bde4.pdf
221,transformers,https://huntr.com/bounties/ecf5ccc4-39e7-4fb3-b547-14a41d31a184,221_transformers_huntr_ecf5ccc4-39e7-4fb3-b547-14a41d31a184.pdf
222,transformers,https://huntr.com/bounties/c7a69150-54f8-4e81-8094-791e7a2a0f29,222_transformers_huntr_c7a69150-54f8-4e81-8094-791e7a2a0f29.pdf
223,transformers,https://huntr.com/bounties/4bed1214-7835-4252-a853-22bbad891f98,223_transformers_huntr_4bed1214-7835-4252-a853-22bbad891f98.pdf
224,transformers,https://huntr.com/bounties/86f58dcd-683f-4adc-a735-849f51e9abb2,224_transformers_huntr_86f58dcd-683f-4adc-a735-849f51e9abb2.pdf
226,gradio,https://huntr.com/bounties/7b5932bb-58d1-4e71-b85c-43dc40522ff2,226_gradio_huntr_7b5932bb-58d1-4e71-b85c-43dc40522ff2.pdf
229,gradio,https://huntr.com/bounties/0439bf3d-cb38-43a5-8314-0fadf85cc5a0,229_gradio_huntr_0439bf3d-cb38-43a5-8314-0fadf85cc5a0.pdf
22,langchain,https://github.com/langchain-ai/langchain/issues/5923,22_langchain_issue_5923.pdf
232,pyyaml,https://github.com/yaml/pyyaml/issues/420,232_pyyaml_issue_420.pdf
23,langchain,https://huntr.com/bounties/2df3acdc-ee4f-4257-bbf8-a7de3870a9d8,23_langchain_huntr_2df3acdc-ee4f-4257-bbf8-a7de3870a9d8.pdf
241,keras,https://github.com/keras-team/keras/issues/21429,241_keras_issue_21429.pdf
245,virtualenv,https://github.com/pypa/virtualenv/issues/2768,245_virtualenv_issue_2768.pdf
24,langchain,https://github.com/hwchase17/langchain/issues/4394,24_langchain_issue_4394.pdf
257,starlette,https://github.com/Kludex/starlette/issues/2962,257_starlette_issue_2962.pdf
25,langchain,https://github.com/langchain-ai/langchain/issues/18600,25_langchain_issue_18600.pdf
262,llama-index,https://huntr.com/bounties/cd7b9082-7d75-42e4-84f5-dbee23cbc467,262_llama-index_huntr_cd7b9082-7d75-42e4-84f5-dbee23cbc467.pdf
263,llama-index,https://github.com/run-llama/llama_index/issues/9957,263_llama-index_issue_9957.pdf
264,llama-index,https://huntr.com/bounties/a0b638fd-21c6-4ba7-b381-6ab98472a02a,264_llama-index_huntr_a0b638fd-21c6-4ba7-b381-6ab98472a02a.pdf
265,llama-index,https://huntr.com/bounties/27883f22-35ff-49df-aaa5-05031c7d6ad8,265_llama-index_huntr_27883f22-35ff-49df-aaa5-05031c7d6ad8.pdf
266,llama-index,https://huntr.com/bounties/e89d14f8-bfe8-4c9a-bb2a-656c01cc9a68,266_llama-index_huntr_e89d14f8-bfe8-4c9a-bb2a-656c01cc9a68.pdf
267,llama-index,https://huntr.com/bounties/1a48a011-a3c5-4979-9ffc-9652280bc389,267_llama-index_huntr_1a48a011-a3c5-4979-9ffc-9652280bc389.pdf
268,llama-index,https://huntr.com/bounties/8cb1555a-9655-4122-b0d6-60059e79183c,268_llama-index_huntr_8cb1555a-9655-4122-b0d6-60059e79183c.pdf
269,llama-index,https://huntr.com/bounties/095f9e67-311d-494c-99c5-5e61a0adb8f3,269_llama-index_huntr_095f9e67-311d-494c-99c5-5e61a0adb8f3.pdf
271,llama-index,https://github.com/jerryjliu/llama_index/issues/7054,271_llama-index_issue_7054.pdf
272,llama-index,https://huntr.com/bounties/3fe2c8ab-6727-4aef-a0ef-4d2818e48803,272_llama-index_huntr_3fe2c8ab-6727-4aef-a0ef-4d2818e48803.pdf
273,llama-index,https://huntr.com/bounties/1a204520-598a-434e-b13d-0d34f2a5ddc1,273_llama-index_huntr_1a204520-598a-434e-b13d-0d34f2a5ddc1.pdf
27,langchain,https://huntr.com/bounties/370904e7-10ac-40a4-a8d4-e2d16e1ca861,27_langchain_huntr_370904e7-10ac-40a4-a8d4-e2d16e1ca861.pdf
281,pillow,https://github.com/python-pillow/Pillow/issues/4538,281_pillow_issue_4538.pdf
283,pillow,https://github.com/python-pillow/Pillow/issues/7244,283_pillow_issue_7244.pdf
29,langchain,https://github.com/hwchase17/langchain/issues/7641,29_langchain_issue_7641.pdf
2,requests,https://github.com/psf/requests/issues/6965,2_requests_issue_6965.pdf
301,pillow,https://github.com/python-pillow/Pillow/issues/5567,301_pillow_issue_5567.pdf
306,pillow,https://github.com/python-pillow/Pillow/issues/6700,306_pillow_issue_6700.pdf
311,pillow,https://github.com/electron/electron/issues/39827,311_pillow_issue_39827.pdf
315,redis,https://github.com/redis/redis-py/issues/2665,315_redis_issue_2665.pdf
316,redis,https://github.com/redis/redis-py/issues/2624,316_redis_issue_2624.pdf
318,yt-dlp,https://github.com/ytdl-org/youtube-dl/issues/32830,318_yt-dlp_issue_32830.pdf
31,langchain-core,https://huntr.com/bounties/4353571f-c70d-4bfd-ac08-3a89cecb45b6,31_langchain-core_huntr_4353571f-c70d-4bfd-ac08-3a89cecb45b6.pdf
324,langchain-text-splitters,https://huntr.com/bounties/cf78abbb-df3b-43de-b6ee-132b73ff8331,324_langchain-text-splitters_huntr_cf78abbb-df3b-43de-b6ee-132b73ff8331.pdf
32,langchain-core,https://huntr.com/bounties/be1ee1cb-2147-4ff4-a57b-b6045271cf27,32_langchain-core_huntr_be1ee1cb-2147-4ff4-a57b-b6045271cf27.pdf
330,gradio,https://huntr.com/bounties/39889ce1-298d-4568-aecd-7ae40c2ca58e,330_gradio_huntr_39889ce1-298d-4568-aecd-7ae40c2ca58e.pdf
333,gradio,https://huntr.com/bounties/21d2ff0c-d43a-4afd-bb4d-049ee8da5b5c,333_gradio_huntr_21d2ff0c-d43a-4afd-bb4d-049ee8da5b5c.pdf
334,gradio,https://huntr.com/bounties/25e25501-5918-429c-8541-88832dfd3741,334_gradio_huntr_25e25501-5918-429c-8541-88832dfd3741.pdf
336,gradio,https://huntr.com/bounties/2286c1ed-b889-45d6-adda-7014ea06d98e,336_gradio_huntr_2286c1ed-b889-45d6-adda-7014ea06d98e.pdf
337,gradio,https://huntr.com/bounties/b34f084b-7d14-4f00-bc10-048a3a5aaf88,337_gradio_huntr_b34f084b-7d14-4f00-bc10-048a3a5aaf88.pdf
341,gradio,https://huntr.com/bounties/4acf584e-2fe8-490e-878d-2d9bf2698338,341_gradio_huntr_4acf584e-2fe8-490e-878d-2d9bf2698338.pdf
343,gradio,https://huntr.com/bounties/35aaea93-6895-4f03-9c1b-cd992665aa60,343_gradio_huntr_35aaea93-6895-4f03-9c1b-cd992665aa60.pdf
347,gradio,https://huntr.com/bounties/9bb33b71-7995-425d-91cc-2c2a2f2a068a,347_gradio_huntr_9bb33b71-7995-425d-91cc-2c2a2f2a068a.pdf
349,gradio,https://github.com/gradio-app/gradio/issues/8853,349_gradio_issue_8853.pdf
350,gradio,https://huntr.com/bounties/e8d0b248-8feb-4c23-9ef9-be4d1e868374,350_gradio_huntr_e8d0b248-8feb-4c23-9ef9-be4d1e868374.pdf
351,gradio,https://huntr.com/bounties/667d664d-8189-458c-8ed7-483fe8f33c76,351_gradio_huntr_667d664d-8189-458c-8ed7-483fe8f33c76.pdf
352,gradio,https://huntr.com/bounties/a94d55fb-0770-4cbe-9b20-97a978a2ffff,352_gradio_huntr_a94d55fb-0770-4cbe-9b20-97a978a2ffff.pdf
356,gradio,https://huntr.com/bounties/103434f9-87d2-42ea-9907-194a3c25007c,356_gradio_huntr_103434f9-87d2-42ea-9907-194a3c25007c.pdf
35,pypdf,https://github.com/py-pdf/pypdf/issues/3430,35_pypdf_issue_3430.pdf
361,gradio,https://huntr.com/bounties/7192bcbb-08a3-4d22-a321-9c6d19dbfc74,361_gradio_huntr_7192bcbb-08a3-4d22-a321-9c6d19dbfc74.pdf
362,gradio,https://huntr.com/bounties/adc23067-ec04-47ef-9265-afd452071888,362_gradio_huntr_adc23067-ec04-47ef-9265-afd452071888.pdf
364,gradio,https://huntr.com/bounties/f6a10a8d-f538-4cb7-9bb2-85d9f5708124,364_gradio_huntr_f6a10a8d-f538-4cb7-9bb2-85d9f5708124.pdf
367,fastmcp,https://github.com/jlowin/fastmcp/issues/2090,367_fastmcp_issue_2090.pdf
369,setuptools,https://huntr.com/bounties/d6362117-ad57-4e83-951f-b8141c6e7ca5,369_setuptools_huntr_d6362117-ad57-4e83-951f-b8141c6e7ca5.pdf
373,llama-index-core,https://huntr.com/bounties/70041b81-de9e-4046-8c0e-6ccd557048a6,373_llama-index-core_huntr_70041b81-de9e-4046-8c0e-6ccd557048a6.pdf
374,llama-index-core,https://huntr.com/bounties/df187bda-7911-4823-a19a-e15b2c66b0d4,374_llama-index-core_huntr_df187bda-7911-4823-a19a-e15b2c66b0d4.pdf
375,llama-index-core,https://huntr.com/bounties/a2baa08f-98bf-47a8-ac83-06f7411afd9e,375_llama-index-core_huntr_a2baa08f-98bf-47a8-ac83-06f7411afd9e.pdf
376,idna,https://huntr.com/bounties/93d78d07-d791-4b39-a845-cbfabc44aadb,376_idna_huntr_93d78d07-d791-4b39-a845-cbfabc44aadb.pdf
377,aiomysql,https://github.com/aio-libs/aiomysql/issues/1044,377_aiomysql_issue_1044.pdf
379,cryptography,https://github.com/pyca/cryptography/issues/9785,379_cryptography_issue_9785.pdf
380,cryptography,https://github.com/openssl/openssl/issues/23362,380_cryptography_issue_23362.pdf
383,cryptography,https://github.com/pyca/cryptography/issues/8230,383_cryptography_issue_8230.pdf
384,cryptography,https://github.com/pyca/cryptography/issues/5615,384_cryptography_issue_5615.pdf
386,cryptography,https://github.com/pyca/cryptography/issues/5507,386_cryptography_issue_5507.pdf
387,cryptography,https://github.com/pyca/cryptography/issues/9207,387_cryptography_issue_9207.pdf
3,setuptools,https://github.com/pypa/setuptools/issues/4946,3_setuptools_issue_4946.pdf
401,onnx,https://huntr.com/bounties/a7a46cf6-1fa0-454b-988c-62d222e83f63,401_onnx_huntr_a7a46cf6-1fa0-454b-988c-62d222e83f63.pdf
402,onnx,https://huntr.com/bounties/50235ebd-3410-4ada-b064-1a648e11237e,402_onnx_huntr_50235ebd-3410-4ada-b064-1a648e11237e.pdf
423,deepdiff,https://github.com/dgilland/pydash/issues/180,423_deepdiff_issue_180.pdf
425,pandasai,https://github.com/gventuri/pandas-ai/issues/410,425_pandasai_issue_410.pdf
427,pandasai,https://github.com/gventuri/pandas-ai/issues/399,427_pandasai_issue_399.pdf
428,pandasai,https://github.com/gventuri/pandas-ai/issues/868,428_pandasai_issue_868.pdf
429,ray,https://github.com/ray-project/ray/issues/50266,429_ray_issue_50266.pdf
434,vllm,https://github.com/vllm-project/vllm/issues/25794,434_vllm_issue_25794.pdf
435,vllm,https://github.com/vllm-project/vllm/issues/15988,435_vllm_issue_15988.pdf
436,vllm,https://huntr.com/bounties/ea75728f-4efe-4a3d-9f53-33f2c908e9f8,436_vllm_huntr_ea75728f-4efe-4a3d-9f53-33f2c908e9f8.pdf
438,vllm,https://github.com/vllm-project/vllm/issues/14228,438_vllm_issue_14228.pdf
442,vllm,https://github.com/vllm-project/vllm/issues/6183,442_vllm_issue_6183.pdf
443,vllm,https://github.com/vllm-project/vllm/issues/28126,443_vllm_issue_28126.pdf
453,xgrammar,https://github.com/mlc-ai/xgrammar/issues/250,453_xgrammar_issue_250.pdf
454,xgrammar,https://github.com/mlc-ai/xgrammar/issues/243,454_xgrammar_issue_243.pdf
45,gitpython,https://github.com/gitpython-developers/GitPython/issues/1672,45_gitpython_issue_1672.pdf
473,tensorflow,https://github.com/tensorflow/tensorflow/issues/42105,473_tensorflow_issue_42105.pdf
47,gitpython,https://github.com/gitpython-developers/GitPython/issues/1609,47_gitpython_issue_1609.pdf
491,tensorflow,https://github.com/tensorflow/tensorflow/issues/46914,491_tensorflow_issue_46914.pdf
499,tensorflow,https://github.com/tensorflow/tensorflow/issues/53767,499_tensorflow_issue_53767.pdf
51,pymdown-extensions,https://github.com/facelessuser/pymdown-extensions/issues/2716,51_pymdown-extensions_issue_2716.pdf
52,numpy,https://github.com/numpy/numpy/issues/18939,52_numpy_issue_18939.pdf
531,tensorflow,https://github.com/tensorflow/tensorflow/issues/46912,531_tensorflow_issue_46912.pdf
53,numpy,https://github.com/numpy/numpy/issues/19000,53_numpy_issue_19000.pdf
54,numpy,https://github.com/numpy/numpy/issues/19038,54_numpy_issue_19038.pdf
55,numpy,https://github.com/numpy/numpy/issues/18993,55_numpy_issue_18993.pdf
592,tensorflow,https://github.com/tensorflow/tensorflow/issues/45770,592_tensorflow_issue_45770.pdf
60,flask-cors,https://huntr.com/bounties/731a6cd4-d05f-4fe6-8f5b-fe088d7b34e0,60_flask-cors_huntr_731a6cd4-d05f-4fe6-8f5b-fe088d7b34e0.pdf
617,tensorflow,https://github.com/tensorflow/tensorflow/issues/55274,617_tensorflow_issue_55274.pdf
61,flask-cors,https://huntr.com/bounties/403eb1fc-86f4-4820-8eba-0f3dfae9f2b4,61_flask-cors_huntr_403eb1fc-86f4-4820-8eba-0f3dfae9f2b4.pdf
621,tensorflow,https://github.com/tensorflow/tensorflow/issues/46911,621_tensorflow_issue_46911.pdf
62,flask-cors,https://huntr.com/bounties/25a7a0ba-9fa2-4777-acb6-03e5539bb644,62_flask-cors_huntr_25a7a0ba-9fa2-4777-acb6-03e5539bb644.pdf
63,flask-cors,https://huntr.com/bounties/a42935fc-6f57-4818-bca4-3d528235df4d,63_flask-cors_huntr_a42935fc-6f57-4818-bca4-3d528235df4d.pdf
641,tensorflow,https://github.com/tensorflow/tensorflow/issues/46909,641_tensorflow_issue_46909.pdf
64,flask-cors,https://huntr.com/bounties/808c11af-faee-43a8-824b-b5ab4f62b9e6,64_flask-cors_huntr_808c11af-faee-43a8-824b-b5ab4f62b9e6.pdf
65,litellm,https://huntr.com/bounties/554fc76b-3097-4223-b4cf-110b853e9355,65_litellm_huntr_554fc76b-3097-4223-b4cf-110b853e9355.pdf
66,litellm,https://huntr.com/bounties/48461d89-cf13-4ad3-a43e-0d37da08fc6c,66_litellm_huntr_48461d89-cf13-4ad3-a43e-0d37da08fc6c.pdf
67,litellm,https://huntr.com/bounties/4001e1a2-7b7a-4776-a3ae-e6692ec3d997,67_litellm_huntr_4001e1a2-7b7a-4776-a3ae-e6692ec3d997.pdf
68,litellm,https://huntr.com/bounties/96a32812-213c-4819-ba4e-36143d35e95b,68_litellm_huntr_96a32812-213c-4819-ba4e-36143d35e95b.pdf
694,tensorflow,https://github.com/tensorflow/tensorflow/issues/55199,694_tensorflow_issue_55199.pdf
697,tensorflow,https://github.com/tensorflow/tensorflow/issues/51936,697_tensorflow_issue_51936.pdf
69,litellm,https://huntr.com/bounties/a9e0a164-6de0-43a4-a640-0cbfb54220a4,69_litellm_huntr_a9e0a164-6de0-43a4-a640-0cbfb54220a4.pdf
70,litellm,https://huntr.com/bounties/a3221b0c-6e25-4295-ab0f-042997e8fc61,70_litellm_huntr_a3221b0c-6e25-4295-ab0f-042997e8fc61.pdf
714,tensorflow,https://github.com/tensorflow/tensorflow/issues/40861,714_tensorflow_issue_40861.pdf
71,litellm,https://huntr.com/bounties/a4f6d357-5b44-4e00-9cac-f1cc351211d2,71_litellm_huntr_a4f6d357-5b44-4e00-9cac-f1cc351211d2.pdf
72,litellm,https://huntr.com/bounties/661b388a-44d8-4ad5-862b-4dc5b80be30a,72_litellm_huntr_661b388a-44d8-4ad5-862b-4dc5b80be30a.pdf
73,litellm,https://huntr.com/bounties/4a03796f-a8d4-4293-84ef-d3959456223a,73_litellm_huntr_4a03796f-a8d4-4293-84ef-d3959456223a.pdf
741,tensorflow,https://github.com/tensorflow/tensorflow/issues/51733,741_tensorflow_issue_51733.pdf
74,litellm,https://huntr.com/bounties/ae623c2f-b64b-4245-9ed4-f13a0a5824ce,74_litellm_huntr_ae623c2f-b64b-4245-9ed4-f13a0a5824ce.pdf
75,litellm,https://huntr.com/bounties/70897f59-a966-4d93-b71e-745e3da91970,75_litellm_huntr_70897f59-a966-4d93-b71e-745e3da91970.pdf
76,litellm,https://huntr.com/bounties/491e4884-0306-4cd4-8fe2-9a19de33bf5c,76_litellm_huntr_491e4884-0306-4cd4-8fe2-9a19de33bf5c.pdf
776,tensorflow,https://github.com/tensorflow/tensorflow/issues/46888,776_tensorflow_issue_46888.pdf
77,litellm,https://huntr.com/bounties/1d98bebb-6cf4-46c9-87c3-d3b1972973b5,77_litellm_huntr_1d98bebb-6cf4-46c9-87c3-d3b1972973b5.pdf
784,tensorflow,https://github.com/tensorflow/tensorflow/issues/51908,784_tensorflow_issue_51908.pdf
789,tensorflow,https://github.com/tensorflow/tensorflow/issues/55530,789_tensorflow_issue_55530.pdf
78,litellm,https://huntr.com/bounties/6c0e2f75-2d03-42f9-9530-e16a973317fc,78_litellm_huntr_6c0e2f75-2d03-42f9-9530-e16a973317fc.pdf
80,requests,https://github.com/psf/requests/issues/6655,80_requests_issue_6655.pdf
839,tensorflow,https://github.com/tensorflow/tensorflow/issues/43661,839_tensorflow_issue_43661.pdf
86,transformers,https://huntr.com/bounties/6a6c933f-9ce8-4ded-8b3b-2c1444c61f36,86_transformers_huntr_6a6c933f-9ce8-4ded-8b3b-2c1444c61f36.pdf
876,pywin32,https://github.com/mhammond/pywin32/issues/1700,876_pywin32_issue_1700.pdf
879,langchain,https://huntr.com/bounties/8fe40685-b714-4191-af7a-3de5e5628cee,879_langchain_huntr_8fe40685-b714-4191-af7a-3de5e5628cee.pdf
87,transformers,https://huntr.com/bounties/25282953-5827-4384-bb6f-5790d275721b,87_transformers_huntr_25282953-5827-4384-bb6f-5790d275721b.pdf
880,langchain,https://huntr.com/bounties/b612defb-1104-4fff-9fef-001ab07c7b2d,880_langchain_huntr_b612defb-1104-4fff-9fef-001ab07c7b2d.pdf
881,aiohttp,https://github.com/aio-libs/aiohttp/issues/6772,881_aiohttp_issue_6772.pdf
882,numpy,https://github.com/numpy/numpy/issues/12759,882_numpy_issue_12759.pdf
888,urllib3,https://github.com/urllib3/urllib3/issues/1553,888_urllib3_issue_1553.pdf
88,transformers,https://huntr.com/bounties/af929523-7b59-418a-bf55-301830b2ac9d,88_transformers_huntr_af929523-7b59-418a-bf55-301830b2ac9d.pdf
890,loguru,https://github.com/Delgan/loguru/issues/563,890_loguru_issue_563.pdf
891,selenium,https://github.com/SeleniumHQ/selenium/issues/8259,891_selenium_issue_8259.pdf
893,scipy,https://github.com/scipy/scipy/issues/15013,893_scipy_issue_15013.pdf
894,scipy,https://github.com/scipy/scipy/issues/16397,894_scipy_issue_16397.pdf
895,torch,https://huntr.com/bounties/0e870eeb-f924-4054-8fac-d926b1fb7259,895_torch_huntr_0e870eeb-f924-4054-8fac-d926b1fb7259.pdf
897,future,https://github.com/PythonCharmers/python-future/issues/650,897_future_issue_650.pdf
898,keras,https://github.com/keras-team/keras/issues/20751,898_keras_issue_20751.pdf
899,keras,https://huntr.com/bounties/f94f5beb-54d8-4e6a-8bac-86d9aee103f4,899_keras_huntr_f94f5beb-54d8-4e6a-8bac-86d9aee103f4.pdf
89,transformers,https://huntr.com/bounties/ccba0730-9248-4853-b7ff-5c20e6364f09,89_transformers_huntr_ccba0730-9248-4853-b7ff-5c20e6364f09.pdf
8,jinja2,https://github.com/pallets/jinja/issues/1792,8_jinja2_issue_1792.pdf
90,transformers,https://huntr.com/bounties/287d15a7-6e7c-45d2-8c05-11e305776f1f,90_transformers_huntr_287d15a7-6e7c-45d2-8c05-11e305776f1f.pdf
913,redis,https://github.com/redis/redis/issues/8712,913_redis_issue_8712.pdf
914,redis,https://github.com/RedisLabs/redisraft/issues/608,914_redis_issue_608.pdf
91,transformers,https://huntr.com/bounties/3f8b3fd0-166b-46e7-b60f-60dd9d2678bf,91_transformers_huntr_3f8b3fd0-166b-46e7-b60f-60dd9d2678bf.pdf
922,gradio,https://huntr.com/bounties/0e39e974-9a66-476f-91f5-3f37abb03d77,922_gradio_huntr_0e39e974-9a66-476f-91f5-3f37abb03d77.pdf
92,torch,https://github.com/pytorch/pytorch/issues/150835,92_torch_issue_150835.pdf
939,vllm,https://github.com/vllm-project/vllm/issues/18454,939_vllm_issue_18454.pdf
93,torch,https://github.com/pytorch/pytorch/issues/129228,93_torch_issue_129228.pdf
941,vllm,https://github.com/vllm-project/vllm/issues/16283,941_vllm_issue_16283.pdf
942,tensorflow,https://github.com/tensorflow/tensorflow/issues/53695,942_tensorflow_issue_53695.pdf
951,wandb,https://huntr.com/bounties/055eb540-57f8-46d6-b858-3a9e22d347d9,951_wandb_huntr_055eb540-57f8-46d6-b858-3a9e22d347d9.pdf
95,torch,https://github.com/pytorch/pytorch/issues/149274,95_torch_issue_149274.pdf
98,scikit-learn,https://huntr.com/bounties/14bc0917-a85b-4106-a170-d09d5191517c,98_scikit-learn_huntr_14bc0917-a85b-4106-a170-d09d5191517c.pdf
99,scikit-learn,https://github.com/scikit-learn/scikit-learn/issues/18891,99_scikit-learn_issue_18891.pdf
